,ReleaseDate,TaxID,ScientificName,species_tax_id,class_tax_id,strain_tax_id,species,LibraryLayout,Platform,Model,Run,SRAStudy,BioProject,ProjectID,Sample,BioSample,Submission,LibraryStrategy,LibrarySelection,LibrarySource,Body_Site,CenterName,InsertSize,InsertDev,SRA ID,GEO Series,GEO Sample,PMID,Biosample ID,biosample_strain,biosample_genotype,R1,R2,reference_sequence,project_name,condition_name,reference_condition,strain_description,base_media,carbon_source,nitrogen_source,aerobicity,supplement,temperature,pH,growth_phase,OD,notes,Title,Condition,passed_fastqc,passed_reads_mapped_to_CDS,passed_global_correlation,full_name,passed_similar_replicates,passed_number_replicates
Abaum_0001,8/22/20 12:00,,,,,,,PAIRED,ILLUMINA,Illumina HiSeq 2500,,,Abaum_Nick,,,,,RNA-Seq,cDNA,TRANSCRIPTOMIC,,,,,,,,,,,,s3://sbrg-sequencing-files/2020-01-16-IGM-NovaSeq/_UO1_HRS_A__baumannii_Precise_Sample_10_S38_L001_R1_001.fastq.gz,s3://sbrg-sequencing-files/2020-01-16-IGM-NovaSeq/_UO1_HRS_A__baumannii_Precise_Sample_10_S38_L001_R2_001.fastq.gz,AB5075,AB5075_med,CA-MHB,LB,AB5075,CA-MHB,,,,,,7,,,,,,TRUE,TRUE,TRUE,AB5075_med:CA-MHB,TRUE,TRUE
Abaum_0002,8/22/20 12:00,,,,,,,PAIRED,ILLUMINA,Illumina HiSeq 2500,,,Abaum_Nick,,,,,RNA-Seq,cDNA,TRANSCRIPTOMIC,,,,,,,,,,,,s3://sbrg-sequencing-files/2020-01-16-IGM-NovaSeq/_UO1_HRS_A__baumannii_Precise_Sample_11_S39_L001_R1_001.fastq.gz,s3://sbrg-sequencing-files/2020-01-16-IGM-NovaSeq/_UO1_HRS_A__baumannii_Precise_Sample_11_S39_L001_R2_001.fastq.gz,AB5075,AB5075_med,CA-MHB,LB,AB5075,CA-MHB,,,,,,7,,,,,,TRUE,TRUE,TRUE,AB5075_med:CA-MHB,TRUE,TRUE
Abaum_0005,8/22/20 12:00,,,,,,,PAIRED,ILLUMINA,Illumina HiSeq 2500,,,Abaum_Nick,,,,,RNA-Seq,cDNA,TRANSCRIPTOMIC,,,,,,,,,,,,s3://sbrg-sequencing-files/2020-01-16-IGM-NovaSeq/_UO1_HRS_A__baumannii_Precise_Sample_14_S42_L001_R1_001.fastq.gz,s3://sbrg-sequencing-files/2020-01-16-IGM-NovaSeq/_UO1_HRS_A__baumannii_Precise_Sample_14_S42_L001_R2_001.fastq.gz,AB5075,AB5075_med,RPMI+_pH7,LB,AB5075,RPMI+10%LB,,,,,,7,,,,,,TRUE,TRUE,TRUE,AB5075_med:RPMI+_pH7,TRUE,TRUE
Abaum_0006,8/22/20 12:00,,,,,,,PAIRED,ILLUMINA,Illumina HiSeq 2500,,,Abaum_Nick,,,,,RNA-Seq,cDNA,TRANSCRIPTOMIC,,,,,,,,,,,,s3://sbrg-sequencing-files/2020-01-16-IGM-NovaSeq/_UO1_HRS_A__baumannii_Precise_Sample_15_S43_L001_R1_001.fastq.gz,s3://sbrg-sequencing-files/2020-01-16-IGM-NovaSeq/_UO1_HRS_A__baumannii_Precise_Sample_15_S43_L001_R2_001.fastq.gz,AB5075,AB5075_med,RPMI+_pH7,LB,AB5075,RPMI+10%LB,,,,,,7,,,,,,TRUE,TRUE,TRUE,AB5075_med:RPMI+_pH7,TRUE,TRUE
Abaum_0009,8/22/20 12:00,,,,,,,PAIRED,ILLUMINA,Illumina HiSeq 2500,,,Abaum_Nick,,,,,RNA-Seq,cDNA,TRANSCRIPTOMIC,,,,,,,,,,,,s3://sbrg-sequencing-files/2020-01-20-salk-nextseq/UO1_HRS_A_baumannii_Precise_Sample1_S1_R1_001.fastq.gz,s3://sbrg-sequencing-files/2020-01-20-salk-nextseq/UO1_HRS_A_baumannii_Precise_Sample1_S1_R2_001.fastq.gz,AB5075,AB5075_med,RPMI+_-HCO3,LB,AB5075,RPMI+10%LB-HCO3,,,,,,7,,,,,,TRUE,TRUE,TRUE,AB5075_med:RPMI+_-HCO3,TRUE,TRUE
Abaum_0010,8/22/20 12:00,,,,,,,PAIRED,ILLUMINA,Illumina HiSeq 2500,,,Abaum_Nick,,,,,RNA-Seq,cDNA,TRANSCRIPTOMIC,,,,,,,,,,,,s3://sbrg-sequencing-files/2020-01-20-salk-nextseq/UO1_HRS_A_baumannii_Precise_Sample2_S2_R1_001.fastq.gz,s3://sbrg-sequencing-files/2020-01-20-salk-nextseq/UO1_HRS_A_baumannii_Precise_Sample2_S2_R2_001.fastq.gz,AB5075,AB5075_med,RPMI+_-HCO3,LB,AB5075,RPMI+10%LB-HCO3,,,,,,7,,,,,,TRUE,TRUE,TRUE,AB5075_med:RPMI+_-HCO3,TRUE,TRUE
Abaum_0011,8/22/20 12:00,,,,,,,PAIRED,ILLUMINA,Illumina HiSeq 2501,,,Abaum_Nick,,,,,RNA-Seq,cDNA,TRANSCRIPTOMIC,,,,,,,,,,,,s3://sbrg-sequencing-files/2020-01-20-salk-nextseq/UO1_HRS_A_baumannii_Precise_Sample3_S3_R1_001.fastq.gz,s3://sbrg-sequencing-files/2020-01-20-salk-nextseq/UO1_HRS_A_baumannii_Precise_Sample3_S3_R2_001.fastq.gz,AB5075,AB5075_med,LB,LB,AB5075,LB,,,,,,7,,,,,,TRUE,TRUE,TRUE,AB5075_med:LB,TRUE,TRUE
Abaum_0012,8/22/20 12:00,,,,,,,PAIRED,ILLUMINA,Illumina HiSeq 2502,,,Abaum_Nick,,,,,RNA-Seq,cDNA,TRANSCRIPTOMIC,,,,,,,,,,,,s3://sbrg-sequencing-files/2020-01-20-salk-nextseq/UO1_HRS_A_baumannii_Precise_Sample4_S4_R1_001.fastq.gz,s3://sbrg-sequencing-files/2020-01-20-salk-nextseq/UO1_HRS_A_baumannii_Precise_Sample4_S4_R2_001.fastq.gz,AB5075,AB5075_med,LB,LB,AB5075,LB,,,,,,7,,,,,,TRUE,TRUE,TRUE,AB5075_med:LB,TRUE,TRUE
Abaum_0013,8/22/20 12:00,,,,,,,PAIRED,ILLUMINA,Illumina HiSeq 2503,,,Abaum_Nick,,,,,RNA-Seq,cDNA,TRANSCRIPTOMIC,,,,,,,,,,,,s3://sbrg-sequencing-files/2020-01-21-salk-nextseq/UO1_HRS_A_baumannii_Precise_Sample5_S11_R1_001.fastq.gz,s3://sbrg-sequencing-files/2020-01-21-salk-nextseq/UO1_HRS_A_baumannii_Precise_Sample5_S11_R2_001.fastq.gz,AB5075,AB5075_med,M9+AA,LB,AB5075,M9+AA,,,,,,,,,,,,TRUE,TRUE,TRUE,AB5075_med:M9+AA,TRUE,TRUE
Abaum_0014,8/22/20 12:00,,,,,,,PAIRED,ILLUMINA,Illumina HiSeq 2504,,,Abaum_Nick,,,,,RNA-Seq,cDNA,TRANSCRIPTOMIC,,,,,,,,,,,,s3://sbrg-sequencing-files/2020-01-21-salk-nextseq/UO1_HRS_A_baumannii_Precise_Sample6_S12_R1_001.fastq.gz,s3://sbrg-sequencing-files/2020-01-21-salk-nextseq/UO1_HRS_A_baumannii_Precise_Sample6_S12_R2_001.fastq.gz,AB5075,AB5075_med,M9+AA,LB,AB5075,M9+AA,,,,,,,,,,,,TRUE,TRUE,TRUE,AB5075_med:M9+AA,TRUE,TRUE
Abaum_0015,8/22/20 12:00,,,,,,,PAIRED,ILLUMINA,Illumina HiSeq 2505,,,Abaum_Nick,,,,,RNA-Seq,cDNA,TRANSCRIPTOMIC,,,,,,,,,,,,s3://sbrg-sequencing-files/2020-01-21-salk-nextseq/UO1_HRS_A_baumannii_Precise_Sample7_S13_R1_001.fastq.gz,s3://sbrg-sequencing-files/2020-01-21-salk-nextseq/UO1_HRS_A_baumannii_Precise_Sample7_S13_R2_001.fastq.gz,AB5075,AB5075_med,M9-AA,LB,AB5075,M9-AA,,,,,,,,,,,,TRUE,TRUE,TRUE,AB5075_med:M9-AA,TRUE,TRUE
Abaum_0016,8/22/20 12:00,,,,,,,PAIRED,ILLUMINA,Illumina HiSeq 2506,,,Abaum_Nick,,,,,RNA-Seq,cDNA,TRANSCRIPTOMIC,,,,,,,,,,,,s3://sbrg-sequencing-files/2020-01-21-salk-nextseq/UO1_HRS_A_baumannii_Precise_Sample8_S14_R1_001.fastq.gz,s3://sbrg-sequencing-files/2020-01-21-salk-nextseq/UO1_HRS_A_baumannii_Precise_Sample8_S14_R2_001.fastq.gz,AB5075,AB5075_med,M9-AA,LB,AB5075,M9-AA,,,,,,,,,,,,TRUE,TRUE,TRUE,AB5075_med:M9-AA,TRUE,TRUE
Abaum_0017,8/22/20 12:00,,,,,,,PAIRED,ILLUMINA,Illumina HiSeq 2507,SRR12494584,SRP278444,PRJNA658638,,,SAMN15880008,,RNA-Seq,cDNA,TRANSCRIPTOMIC,,1,,,,,,,,,,,,AB5075,AB5075_AZI,AZI_000,AZI_000,AB5075,CA-MHB,,,,,,,,,,Response of Acinetobacter baumannii AB5075 to azirthomycin,Azithromycin 0 ug/mL 1,TRUE,TRUE,TRUE,AB5075_AZI:AZI_000,TRUE,TRUE
Abaum_0018,8/22/20 12:00,,,,,,,PAIRED,ILLUMINA,Illumina HiSeq 2508,SRR12494585,SRP278444,PRJNA658638,,,SAMN15880009ÔøΩ,,RNA-Seq,cDNA,TRANSCRIPTOMIC,,2,,,,,,,,,,,,AB5075,AB5075_AZI,preculture,AZI_000,AB5075,CA-MHB,,,,,,,,,,Response of Acinetobacter baumannii AB5075 to azirthomycin,w/ PreCulture 2,TRUE,TRUE,TRUE,AB5075_AZI:preculture,TRUE,TRUE
Abaum_0019,8/22/20 12:00,,,,,,,PAIRED,ILLUMINA,Illumina HiSeq 2509,SRR12494586,SRP278444,PRJNA658638,,,SAMN15880009,,RNA-Seq,cDNA,TRANSCRIPTOMIC,,1,,,,,,,,,,,,AB5075,AB5075_AZI,preculture,AZI_000,AB5075,CA-MHB,,,,,,,,,,Response of Acinetobacter baumannii AB5075 to azirthomycin,w/ PreCulture 1,TRUE,TRUE,TRUE,AB5075_AZI:preculture,TRUE,TRUE
Abaum_0020,8/22/20 12:00,,,,,,,PAIRED,ILLUMINA,Illumina HiSeq 2510,SRR12494587,SRP278444,PRJNA658638,,,SAMN15880010,,RNA-Seq,cDNA,TRANSCRIPTOMIC,,2,,,,,,,,,,,,AB5075,AB5075_AZI,AZI_040,AZI_000,AB5075,CA-MHB,,,,,,,,,,Response of Acinetobacter baumannii AB5075 to azirthomycin,w/ Azithromycin 40 ug/mL 2,TRUE,TRUE,TRUE,AB5075_AZI:AZI_040,TRUE,TRUE
Abaum_0021,8/22/20 12:00,,,,,,,PAIRED,ILLUMINA,Illumina HiSeq 2511,SRR12494588,SRP278444,PRJNA658638,,,SAMN15880011,,RNA-Seq,cDNA,TRANSCRIPTOMIC,,2,,,,,,,,,,,,AB5075,AB5075_AZI,AZI_028,AZI_000,AB5075,CA-MHB,,,,,,,,,,Response of Acinetobacter baumannii AB5075 to azirthomycin,w/ Azithromycin 28 ug/mL 2,TRUE,TRUE,TRUE,AB5075_AZI:AZI_028,TRUE,TRUE
Abaum_0022,8/22/20 12:00,,,,,,,PAIRED,ILLUMINA,Illumina HiSeq 2512,SRR12494589,SRP278444,PRJNA658638,,,SAMN15880007,,RNA-Seq,cDNA,TRANSCRIPTOMIC,,2,,,,,,,,,,,,AB5075,AB5075_AZI,AZI_003,AZI_000,AB5075,CA-MHB,,,,,,,,,,Response of Acinetobacter baumannii AB5075 to azirthomycin,w/ Azithromycin 0.3 ug/mL 2,TRUE,TRUE,TRUE,AB5075_AZI:AZI_003,TRUE,TRUE
Abaum_0023,8/22/20 12:00,,,,,,,PAIRED,ILLUMINA,Illumina HiSeq 2513,SRR12494590,SRP278444,PRJNA658638,,,SAMN15880008,,RNA-Seq,cDNA,TRANSCRIPTOMIC,,2,,,,,,,,,,,,AB5075,AB5075_AZI,AZI_000,AZI_000,AB5075,CA-MHB,,,,,,,,,,Response of Acinetobacter baumannii AB5075 to azirthomycin,w/ Azithromycin 0 ug/mL 2,TRUE,TRUE,TRUE,AB5075_AZI:AZI_000,TRUE,TRUE
Abaum_0024,8/22/20 12:00,,,,,,,PAIRED,ILLUMINA,Illumina HiSeq 2514,SRR12494591,SRP278444,PRJNA658638,,,SAMN15880010,,RNA-Seq,cDNA,TRANSCRIPTOMIC,,1,,,,,,,,,,,,AB5075,AB5075_AZI,AZI_040,AZI_000,AB5075,CA-MHB,,,,,,,,,,Response of Acinetobacter baumannii AB5075 to azirthomycin,w/ Azithromycin 40 ug/mL 1,TRUE,TRUE,TRUE,AB5075_AZI:AZI_040,TRUE,TRUE
Abaum_0025,8/22/20 12:00,,,,,,,PAIRED,ILLUMINA,Illumina HiSeq 2515,SRR12494592,SRP278444,PRJNA658638,,,SAMN15880011ÔøΩ,,RNA-Seq,cDNA,TRANSCRIPTOMIC,,1,,,,,,,,,,,,AB5075,AB5075_AZI,AZI_028,AZI_000,AB5075,CA-MHB,,,,,,,,,,Response of Acinetobacter baumannii AB5075 to azirthomycin,w/ Azithromycin 28 ug/mL 1,TRUE,TRUE,TRUE,AB5075_AZI:AZI_028,TRUE,TRUE
Abaum_0026,8/22/20 12:00,,,,,,,PAIRED,ILLUMINA,Illumina HiSeq 2516,SRR12494593,SRP278444,PRJNA658638,,,SAMN15880007,,RNA-Seq,cDNA,TRANSCRIPTOMIC,,1,,,,,,,,,,,,AB5075,AB5075_AZI,AZI_003,AZI_000,AB5075,CA-MHB,,,,,,,,,,Response of Acinetobacter baumannii AB5075 to azirthomycin,w/ Azithromycin 0.3 ug/mL 1,TRUE,TRUE,TRUE,AB5075_AZI:AZI_003,TRUE,TRUE
ERX1221046,4/5/16 8:54,470,Acinetobacter baumannii,470,1236,470,Acinetobacter baumannii,PAIRED,ILLUMINA,Illumina MiSeq,ERR1142205,ERP013238,PRJEB11825,317813,ERS977957,SAMEA3670808,ERA535403,RNA-Seq,RANDOM,TRANSCRIPTOMIC,,University of Birmingham,201,1,2411002,,,,4607246,AYE,parental strain genotype,,,,AYE_adeB,WT,WT,AYE,,,,,,,,,,,,,TRUE,TRUE,TRUE,AYE_adeB:WT,TRUE,TRUE
ERX1221048,4/5/16 8:54,470,Acinetobacter baumannii,470,1236,470,Acinetobacter baumannii,PAIRED,ILLUMINA,Illumina MiSeq,ERR1142207,ERP013238,PRJEB11825,317813,ERS977959,SAMEA3670810,ERA535403,RNA-Seq,RANDOM,TRANSCRIPTOMIC,,University of Birmingham,201,1,2411004,,,,4607248,AYE,parental strain genotype,,,,AYE_adeB,WT,WT,AYE,,,,,,,,,,,,,TRUE,TRUE,TRUE,AYE_adeB:WT,TRUE,TRUE
ERX1221049,4/5/16 8:54,470,Acinetobacter baumannii,470,1236,470,Acinetobacter baumannii,PAIRED,ILLUMINA,Illumina MiSeq,ERR1142208,ERP013238,PRJEB11825,317813,ERS977960,SAMEA3670811,ERA535403,RNA-Seq,RANDOM,TRANSCRIPTOMIC,,University of Birmingham,201,1,2411005,,,,4607249,AYE,parental strain genotype,,,,AYE_adeB,WT,WT,AYE,,,,,,,,,,,,,TRUE,TRUE,TRUE,AYE_adeB:WT,TRUE,TRUE
ERX1221050,4/5/16 8:54,470,Acinetobacter baumannii,470,1236,470,Acinetobacter baumannii,PAIRED,ILLUMINA,Illumina MiSeq,ERR1142209,ERP013238,PRJEB11825,317813,ERS977961,SAMEA3670812,ERA535403,RNA-Seq,RANDOM,TRANSCRIPTOMIC,,University of Birmingham,201,1,2411006,,,,4607250,AYE,adeB deletion,,,,AYE_adeB,adeB,WT,AYE,,,,,,,,,,,,,TRUE,TRUE,TRUE,AYE_adeB:adeB,TRUE,TRUE
ERX1221052,4/5/16 8:54,470,Acinetobacter baumannii,470,1236,470,Acinetobacter baumannii,PAIRED,ILLUMINA,Illumina MiSeq,ERR1142211,ERP013238,PRJEB11825,317813,ERS977963,SAMEA3670814,ERA535403,RNA-Seq,RANDOM,TRANSCRIPTOMIC,,University of Birmingham,201,1,2411008,,,,4607252,AYE,adeB deletion,,,,AYE_adeB,adeB,WT,AYE,,,,,,,,,,,,,TRUE,TRUE,TRUE,AYE_adeB:adeB,TRUE,TRUE
ERX1221053,4/5/16 8:54,470,Acinetobacter baumannii,470,1236,470,Acinetobacter baumannii,PAIRED,ILLUMINA,Illumina MiSeq,ERR1142212,ERP013238,PRJEB11825,317813,ERS977964,SAMEA3670815,ERA535403,RNA-Seq,RANDOM,TRANSCRIPTOMIC,,University of Birmingham,201,1,2411009,,,,4607253,AYE,adeB deletion,,,,AYE_adeB,adeB,WT,AYE,,,,,,,,,,,,,TRUE,TRUE,TRUE,AYE_adeB:adeB,TRUE,TRUE
SRX2568047,2/22/17 4:08,470,Acinetobacter baumannii,470,1236,470,Acinetobacter baumannii,SINGLE,ILLUMINA,Illumina HiSeq 2500,SRR5263925,SRP100071,PRJNA375077,375077,SRS1984420,SAMN06342413,SRA538470,RNA-Seq,cDNA,TRANSCRIPTOMIC,,UNIVERSITY OF CHICAGO,0,0,3710439,6342413,,28264991,,AB5075-UW,,,,,AB5075_gigAB,kan_gigB,kan_WT,AB5075-UW del_gigB,LB,,,,,,,,,,,,TRUE,TRUE,TRUE,AB5075_gigAB:kan_gigB,TRUE,TRUE
SRX2568048,2/22/17 4:08,470,Acinetobacter baumannii,470,1236,470,Acinetobacter baumannii,SINGLE,ILLUMINA,Illumina HiSeq 2500,SRR5263926,SRP100071,PRJNA375077,375077,SRS1984422,SAMN06342412,SRA538470,RNA-Seq,cDNA,TRANSCRIPTOMIC,,UNIVERSITY OF CHICAGO,0,0,3710440,6342412,,28264991,,AB5075-UW,,,,,AB5075_gigAB,kan_gigB,kan_WT,AB5075-UW del_gigB,LB,,,,,,,,,,,,TRUE,TRUE,TRUE,AB5075_gigAB:kan_gigB,TRUE,TRUE
SRX2568050,2/22/17 4:08,470,Acinetobacter baumannii,470,1236,470,Acinetobacter baumannii,SINGLE,ILLUMINA,Illumina HiSeq 2500,SRR5263928,SRP100071,PRJNA375077,375077,SRS1984421,SAMN06342410,SRA538470,RNA-Seq,cDNA,TRANSCRIPTOMIC,,UNIVERSITY OF CHICAGO,0,0,3710442,6342410,,28264991,,AB5075-UW,,,,,AB5075_gigAB,gigB,kan_WT,AB5075-UW del_gigB,LB,,,,,,,,,,,,TRUE,TRUE,TRUE,AB5075_gigAB:gigB,TRUE,TRUE
SRX2568051,2/22/17 4:08,470,Acinetobacter baumannii,470,1236,470,Acinetobacter baumannii,SINGLE,ILLUMINA,Illumina HiSeq 2500,SRR5263929,SRP100071,PRJNA375077,375077,SRS1984424,SAMN06342409,SRA538470,RNA-Seq,cDNA,TRANSCRIPTOMIC,,UNIVERSITY OF CHICAGO,0,0,3710443,,,28264991,6342409,AB5075-UW,,,,,AB5075_gigAB,gigB,kan_WT,AB5075-UW del_gigB,LB,,,,,,,,,,,,TRUE,TRUE,TRUE,AB5075_gigAB:gigB,TRUE,TRUE
SRX2568052,2/22/17 4:08,470,Acinetobacter baumannii,470,1236,470,Acinetobacter baumannii,SINGLE,ILLUMINA,Illumina HiSeq 2500,SRR5263930,SRP100071,PRJNA375077,375077,SRS1984426,SAMN06342408,SRA538470,RNA-Seq,cDNA,TRANSCRIPTOMIC,,UNIVERSITY OF CHICAGO,0,0,3710444,6342408,,28264991,,AB5075-UW,,,,,AB5075_gigAB,gigB,kan_WT,AB5075-UW del_gigB,LB,,,,,,,,,,,,TRUE,TRUE,TRUE,AB5075_gigAB:gigB,TRUE,TRUE
SRX2568056,2/22/17 4:08,470,Acinetobacter baumannii,470,1236,470,Acinetobacter baumannii,SINGLE,ILLUMINA,Illumina HiSeq 2500,SRR5263934,SRP100071,PRJNA375077,375077,SRS1984429,SAMN06342404,SRA538470,RNA-Seq,cDNA,TRANSCRIPTOMIC,,UNIVERSITY OF CHICAGO,0,0,3710448,6342404,,28264991,,AB5075-UW,,,,,AB5075_gigAB,gigA,kan_WT,AB5075-UW del_gigA,LB,,,,,,,,,,,,TRUE,TRUE,TRUE,AB5075_gigAB:gigA,TRUE,TRUE
SRX2568057,2/22/17 4:08,470,Acinetobacter baumannii,470,1236,470,Acinetobacter baumannii,SINGLE,ILLUMINA,Illumina HiSeq 2500,SRR5263935,SRP100071,PRJNA375077,375077,SRS1984430,SAMN06342403,SRA538470,RNA-Seq,cDNA,TRANSCRIPTOMIC,,UNIVERSITY OF CHICAGO,0,0,3710449,,,28264991,6342403,AB5075-UW,,,,,AB5075_gigAB,gigA,kan_WT,AB5075-UW del_gigA,LB,,,,,,,,,,,,TRUE,TRUE,TRUE,AB5075_gigAB:gigA,TRUE,TRUE
SRX2568058,2/22/17 4:08,470,Acinetobacter baumannii,470,1236,470,Acinetobacter baumannii,SINGLE,ILLUMINA,Illumina HiSeq 2500,SRR5263936,SRP100071,PRJNA375077,375077,SRS1984431,SAMN06342402,SRA538470,RNA-Seq,cDNA,TRANSCRIPTOMIC,,UNIVERSITY OF CHICAGO,0,0,3710450,6342402,,28264991,,AB5075-UW,,,,,AB5075_gigAB,gigA,kan_WT,AB5075-UW del_gigA,LB,,,,,,,,,,,,TRUE,TRUE,TRUE,AB5075_gigAB:gigA,TRUE,TRUE
SRX2568059,2/22/17 4:08,470,Acinetobacter baumannii,470,1236,470,Acinetobacter baumannii,SINGLE,ILLUMINA,Illumina HiSeq 2500,SRR5263937,SRP100071,PRJNA375077,375077,SRS1984432,SAMN06342401,SRA538470,RNA-Seq,cDNA,TRANSCRIPTOMIC,,UNIVERSITY OF CHICAGO,0,0,3710451,,,28264991,6342401,AB5075-UW,,,,,AB5075_gigAB,kan_WT,kan_WT,AB5075-UW,LB,,,,,,,,,,,,TRUE,TRUE,TRUE,AB5075_gigAB:kan_WT,TRUE,TRUE
SRX2568060,2/22/17 4:08,470,Acinetobacter baumannii,470,1236,470,Acinetobacter baumannii,SINGLE,ILLUMINA,Illumina HiSeq 2500,SRR5263938,SRP100071,PRJNA375077,375077,SRS1984433,SAMN06342400,SRA538470,RNA-Seq,cDNA,TRANSCRIPTOMIC,,UNIVERSITY OF CHICAGO,0,0,3710452,6342400,,28264991,,AB5075-UW,,,,,AB5075_gigAB,kan_WT,kan_WT,AB5075-UW,LB,,,,,,,,,,,,TRUE,TRUE,TRUE,AB5075_gigAB:kan_WT,TRUE,TRUE
SRX2568061,2/22/17 4:08,470,Acinetobacter baumannii,470,1236,470,Acinetobacter baumannii,SINGLE,ILLUMINA,Illumina HiSeq 2500,SRR5263939,SRP100071,PRJNA375077,375077,SRS1984434,SAMN06342399,SRA538470,RNA-Seq,cDNA,TRANSCRIPTOMIC,,UNIVERSITY OF CHICAGO,0,0,3710453,,,28264991,6342399,AB5075-UW,,,,,AB5075_gigAB,kan_WT,kan_WT,AB5075-UW,LB,,,,,,,,,,,,TRUE,TRUE,TRUE,AB5075_gigAB:kan_WT,TRUE,TRUE
SRX3141471,1/31/18 0:52,470,Acinetobacter baumannii,470,1236,470,Acinetobacter baumannii,PAIRED,ILLUMINA,Illumina HiSeq 4000,SRR5985510,SRP116331,PRJNA400082,400082,SRS2474214,SAMN07562384,SRA603287,RNA-Seq,other,TRANSCRIPTOMIC,,EMORY UNIVERSITY,0,0,4437245,7562384,,29693659,,AB5075.UW,,,,,AB5075_VIR-O_AV-T,AV-T/vector,VIR-O/vector,AB5075.UW AV-T/vector ,,,,,,,,,,,,,TRUE,TRUE,TRUE,AB5075_VIR-O_AV-T:AV-T/vector,TRUE,TRUE
SRX3141472,1/31/18 0:52,470,Acinetobacter baumannii,470,1236,470,Acinetobacter baumannii,PAIRED,ILLUMINA,Illumina HiSeq 4000,SRR5985509,SRP116331,PRJNA400082,400082,SRS2474215,SAMN07562376,SRA603287,RNA-Seq,other,TRANSCRIPTOMIC,,EMORY UNIVERSITY,0,0,4437246,,,29693659,7562376,AB5075.UW,,,,,AB5075_VIR-O_AV-T,VIR-O/vector,VIR-O/vector,AB5075.UW VIR-O/vector,,,,,,,,,,,,,TRUE,TRUE,TRUE,AB5075_VIR-O_AV-T:VIR-O/vector,TRUE,TRUE
SRX3141473,1/31/18 0:52,470,Acinetobacter baumannii,470,1236,470,Acinetobacter baumannii,PAIRED,ILLUMINA,Illumina HiSeq 4000,SRR5985508,SRP116331,PRJNA400082,400082,SRS2474216,SAMN07562377,SRA603287,RNA-Seq,other,TRANSCRIPTOMIC,,EMORY UNIVERSITY,0,0,4437247,7562377,,29693659,,AB5075.UW,,,,,AB5075_VIR-O_AV-T,VIR-O/vector,VIR-O/vector,AB5075.UW VIR-O/vector,,,,,,,,,,,,,TRUE,TRUE,TRUE,AB5075_VIR-O_AV-T:VIR-O/vector,TRUE,TRUE
SRX3141474,1/31/18 0:52,470,Acinetobacter baumannii,470,1236,470,Acinetobacter baumannii,PAIRED,ILLUMINA,Illumina HiSeq 4000,SRR5985507,SRP116331,PRJNA400082,400082,SRS2474217,SAMN07562378,SRA603287,RNA-Seq,other,TRANSCRIPTOMIC,,EMORY UNIVERSITY,0,0,4437248,,,29693659,7562378,AB5075.UW,,,,,AB5075_VIR-O_AV-T,VIR-O/vector,VIR-O/vector,AB5075.UW VIR-O/vector ,,,,,,,,,,,,,TRUE,TRUE,TRUE,AB5075_VIR-O_AV-T:VIR-O/vector,TRUE,TRUE
SRX3141475,1/31/18 0:52,470,Acinetobacter baumannii,470,1236,470,Acinetobacter baumannii,PAIRED,ILLUMINA,Illumina HiSeq 4000,SRR5985506,SRP116331,PRJNA400082,400082,SRS2474218,SAMN07562379,SRA603287,RNA-Seq,other,TRANSCRIPTOMIC,,EMORY UNIVERSITY,0,0,4437249,7562379,,29693659,,AB5075.UW,,,,,AB5075_VIR-O_AV-T,VIR-O/1645,VIR-O/vector,AB5075.UW VIR-O/1645,,,,,,,,,,,,,TRUE,TRUE,TRUE,AB5075_VIR-O_AV-T:VIR-O/1645,TRUE,TRUE
SRX3141476,1/31/18 0:52,470,Acinetobacter baumannii,470,1236,470,Acinetobacter baumannii,PAIRED,ILLUMINA,Illumina HiSeq 4000,SRR5985505,SRP116331,PRJNA400082,400082,SRS2474267,SAMN07562380,SRA603287,RNA-Seq,other,TRANSCRIPTOMIC,,EMORY UNIVERSITY,0,0,4437250,,,29693659,7562380,AB5075.UW,,,,,AB5075_VIR-O_AV-T,VIR-O/1645,VIR-O/vector,AB5075.UW VIR-O/1645,,,,,,,,,,,,,TRUE,TRUE,TRUE,AB5075_VIR-O_AV-T:VIR-O/1645,TRUE,TRUE
SRX3141477,1/31/18 0:52,470,Acinetobacter baumannii,470,1236,470,Acinetobacter baumannii,PAIRED,ILLUMINA,Illumina HiSeq 4000,SRR5985504,SRP116331,PRJNA400082,400082,SRS2474219,SAMN07562381,SRA603287,RNA-Seq,other,TRANSCRIPTOMIC,,EMORY UNIVERSITY,0,0,4437251,7562381,,29693659,,AB5075.UW,,,,,AB5075_VIR-O_AV-T,VIR-O/1645,VIR-O/vector,AB5075.UW VIR-O/1645,,,,,,,,,,,,,TRUE,TRUE,TRUE,AB5075_VIR-O_AV-T:VIR-O/1645,TRUE,TRUE
SRX3141478,1/31/18 0:52,470,Acinetobacter baumannii,470,1236,470,Acinetobacter baumannii,PAIRED,ILLUMINA,Illumina HiSeq 4000,SRR5985503,SRP116331,PRJNA400082,400082,SRS2474220,SAMN07562383,SRA603287,RNA-Seq,other,TRANSCRIPTOMIC,,EMORY UNIVERSITY,0,0,4437252,,,29693659,7562383,AB5075.UW,,,,,AB5075_VIR-O_AV-T,AV-T/vector,VIR-O/vector,AB5075.UW AV-T/vector ,,,,,,,,,,,,,TRUE,TRUE,TRUE,AB5075_VIR-O_AV-T:AV-T/vector,TRUE,TRUE
SRX3141479,1/31/18 0:52,470,Acinetobacter baumannii,470,1236,470,Acinetobacter baumannii,PAIRED,ILLUMINA,Illumina HiSeq 4000,SRR5985502,SRP116331,PRJNA400082,400082,SRS2474221,SAMN07562382,SRA603287,RNA-Seq,other,TRANSCRIPTOMIC,,EMORY UNIVERSITY,0,0,4437253,7562382,,29693659,,AB5075.UW,,,,,AB5075_VIR-O_AV-T,AV-T/vector,VIR-O/vector,AB5075.UW AV-T/vector ,,,,,,,,,,,,,TRUE,TRUE,TRUE,AB5075_VIR-O_AV-T:AV-T/vector,TRUE,TRUE
SRX3737100,12/27/18 10:41,470,Acinetobacter baumannii,470,1236,470,Acinetobacter baumannii,SINGLE,ILLUMINA,Illumina HiSeq 2500,SRR6765895,SRP133352,PRJNA435672,435672,SRS2993961,SAMN08583773,SRA661586,RNA-Seq,cDNA,TRANSCRIPTOMIC,,GEO,0,0,5153722,GSE111038,GSM3020725,29939498,8583773,AB0057,coculture with PG,,,,AB0057_PGcoculture,PGAB,AB ,AB0057,PBS,,,,,,,,,10^9 of each bacteria were resuspended in 500 ul PBS for 3 h aerobic incubation,,,TRUE,TRUE,TRUE,AB0057_PGcoculture:PGAB,TRUE,TRUE
SRX3737101,12/27/18 10:41,470,Acinetobacter baumannii,470,1236,470,Acinetobacter baumannii,SINGLE,ILLUMINA,Illumina HiSeq 2500,SRR6765896,SRP133352,PRJNA435672,435672,SRS2993962,SAMN08583760,SRA661586,RNA-Seq,cDNA,TRANSCRIPTOMIC,,GEO,0,0,5153723,GSE111038,GSM3020726,29939498,8583772,AB0057,coculture with PG,,,,AB0057_PGcoculture,PGAB,AB ,AB0057,PBS,,,,,,,,,10^9 of each bacteria were resuspended in 500 ul PBS for 3 h aerobic incubation,,,TRUE,TRUE,TRUE,AB0057_PGcoculture:PGAB,TRUE,TRUE
SRX3737103,12/27/18 10:41,470,Acinetobacter baumannii,470,1236,470,Acinetobacter baumannii,SINGLE,ILLUMINA,Illumina HiSeq 2500,SRR6765898,SRP133352,PRJNA435672,435672,SRS2993964,SAMN08583762,SRA661586,RNA-Seq,cDNA,TRANSCRIPTOMIC,,GEO,0,0,5153725,GSE111038,GSM3020728,29939498,8583770,AB0057,coculture with PG,,,,AB0057_PGcoculture,PGAB,AB ,AB0057,PBS,,,,,,,,,10^9 of each bacteria were resuspended in 500 ul PBS for 3 h aerobic incubation,,,TRUE,TRUE,TRUE,AB0057_PGcoculture:PGAB,TRUE,TRUE
SRX3737104,12/27/18 10:41,470,Acinetobacter baumannii,470,1236,470,Acinetobacter baumannii,SINGLE,ILLUMINA,Illumina HiSeq 2500,SRR6765899,SRP133352,PRJNA435672,435672,SRS2993965,SAMN08583763,SRA661586,RNA-Seq,cDNA,TRANSCRIPTOMIC,,GEO,0,0,5153726,GSE111038,GSM3020729,29939498,8583769,AB0057,coculture with PG,,,,AB0057_PGcoculture,AB ,AB ,AB0057,PBS,,,,,,,,,10^9 of each bacteria were resuspended in 500 ul PBS for 3 h aerobic incubation,,,TRUE,TRUE,TRUE,AB0057_PGcoculture:AB ,TRUE,TRUE
SRX3737105,12/27/18 10:41,470,Acinetobacter baumannii,470,1236,470,Acinetobacter baumannii,SINGLE,ILLUMINA,Illumina HiSeq 2500,SRR6765900,SRP133352,PRJNA435672,435672,SRS2993966,SAMN08583764,SRA661586,RNA-Seq,cDNA,TRANSCRIPTOMIC,,GEO,0,0,5153727,GSE111038,GSM3020730,29939498,8583768,AB0057,coculture with PG,,,,AB0057_PGcoculture,AB ,AB ,AB0057,PBS,,,,,,,,,10^9 of each bacteria were resuspended in 500 ul PBS for 3 h aerobic incubation,,,TRUE,TRUE,TRUE,AB0057_PGcoculture:AB ,TRUE,TRUE
SRX3737106,12/27/18 10:41,470,Acinetobacter baumannii,470,1236,470,Acinetobacter baumannii,SINGLE,ILLUMINA,Illumina HiSeq 2500,SRR6765901,SRP133352,PRJNA435672,435672,SRS2993967,SAMN08583765,SRA661586,RNA-Seq,cDNA,TRANSCRIPTOMIC,,GEO,0,0,5153728,GSE111038,GSM3020731,29939498,8583767,AB0057,coculture with PG,,,,AB0057_PGcoculture,AB ,AB ,AB0057,PBS,,,,,,,,,10^9 of each bacteria were resuspended in 500 ul PBS for 3 h aerobic incubation,,,TRUE,TRUE,TRUE,AB0057_PGcoculture:AB ,TRUE,TRUE
SRX3737107,12/27/18 10:41,470,Acinetobacter baumannii,470,1236,470,Acinetobacter baumannii,SINGLE,ILLUMINA,Illumina HiSeq 2500,SRR6765902,SRP133352,PRJNA435672,435672,SRS2993968,SAMN08583766,SRA661586,RNA-Seq,cDNA,TRANSCRIPTOMIC,,GEO,0,0,5153729,GSE111038,GSM3020732,29939498,8583766,AB0057,coculture with PG,,,,AB0057_PGcoculture,AB ,AB ,AB0057,PBS,,,,,,,,,10^9 of each bacteria were resuspended in 500 ul PBS for 3 h aerobic incubation,,,TRUE,TRUE,TRUE,AB0057_PGcoculture:AB ,TRUE,TRUE
SRX3737108,12/27/18 10:41,470,Acinetobacter baumannii,470,1236,470,Acinetobacter baumannii,SINGLE,ILLUMINA,Illumina HiSeq 2500,SRR6765903,SRP133352,PRJNA435672,435672,SRS2993969,SAMN08583769,SRA661586,RNA-Seq,cDNA,TRANSCRIPTOMIC,,GEO,0,0,5153730,GSE111038,GSM3020733,29939498,8583765,AB0057,coculture with PG,,,,AB0057_PGcoculture,ABPG,AB ,AB0057,PBS,,,,,,,,,,,,TRUE,TRUE,TRUE,AB0057_PGcoculture:ABPG,TRUE,TRUE
SRX3737109,12/27/18 10:41,470,Acinetobacter baumannii,470,1236,470,Acinetobacter baumannii,SINGLE,ILLUMINA,Illumina HiSeq 2500,SRR6765904,SRP133352,PRJNA435672,435672,SRS2993970,SAMN08583769,SRA661586,RNA-Seq,cDNA,TRANSCRIPTOMIC,,GEO,0,0,5153731,GSE111038,GSM3020734,29939498,8583764,AB0057,coculture with PG,,,,AB0057_PGcoculture,ABPG,AB ,AB0057,PBS,,,,,,,,,,,,TRUE,TRUE,TRUE,AB0057_PGcoculture:ABPG,TRUE,TRUE
SRX3737110,12/27/18 10:41,470,Acinetobacter baumannii,470,1236,470,Acinetobacter baumannii,SINGLE,ILLUMINA,Illumina HiSeq 2500,SRR6765905,SRP133352,PRJNA435672,435672,SRS2993971,SAMN08583769,SRA661586,RNA-Seq,cDNA,TRANSCRIPTOMIC,,GEO,0,0,5153732,GSE111038,GSM3020735,29939498,8583763,AB0057,coculture with PG,,,,AB0057_PGcoculture,ABPG,AB ,AB0057,PBS,,,,,,,,,,,,TRUE,TRUE,TRUE,AB0057_PGcoculture:ABPG,TRUE,TRUE
SRX3737111,12/27/18 10:41,470,Acinetobacter baumannii,470,1236,470,Acinetobacter baumannii,SINGLE,ILLUMINA,Illumina HiSeq 2500,SRR6765906,SRP133352,PRJNA435672,435672,SRS2993972,SAMN08583769,SRA661586,RNA-Seq,cDNA,TRANSCRIPTOMIC,,GEO,0,0,5153733,GSE111038,GSM3020736,29939498,8583762,AB0057,coculture with PG,,,,AB0057_PGcoculture,ABPG,AB ,AB0057,PBS,,,,,,,,,,,,TRUE,TRUE,TRUE,AB0057_PGcoculture:ABPG,TRUE,TRUE
SRX4488547,8/30/19 0:28,470,Acinetobacter baumannii,470,1236,470,Acinetobacter baumannii,PAIRED,ILLUMINA,NextSeq 500,SRR7624652,SRP155796,PRJNA483526,483526,SRS3612259,SAMN09742704,SRA748252,RNA-Seq,unspecified,TRANSCRIPTOMIC,,MACQUARIE UNIVERSITY,0,0,6080308,9742704,,31728201,,AB5075-UW,,,,,AB5075_biofilm+abx,planktonic,planktonic,AB5075-UW,,,,,,,,,,,,,TRUE,TRUE,TRUE,AB5075_biofilm+abx:planktonic,TRUE,TRUE
SRX4488549,8/30/19 0:28,470,Acinetobacter baumannii,470,1236,470,Acinetobacter baumannii,PAIRED,ILLUMINA,NextSeq 500,SRR7624650,SRP155796,PRJNA483526,483526,SRS3612261,SAMN09742706,SRA748252,RNA-Seq,unspecified,TRANSCRIPTOMIC,,MACQUARIE UNIVERSITY,0,0,6080310,9742706,,31728201,,AB5075-UW,,,,,AB5075_biofilm+abx,planktonic,planktonic,AB5075-UW,,,,,,,,,,,,,TRUE,TRUE,TRUE,AB5075_biofilm+abx:planktonic,TRUE,TRUE
SRX4488550,8/30/19 0:28,470,Acinetobacter baumannii,470,1236,470,Acinetobacter baumannii,PAIRED,ILLUMINA,NextSeq 500,SRR7624649,SRP155796,PRJNA483526,483526,SRS3612262,SAMN09742709,SRA748252,RNA-Seq,unspecified,TRANSCRIPTOMIC,,MACQUARIE UNIVERSITY,0,0,6080311,,,31728201,9742709,AB5075-UW,,,,,AB5075_biofilm+abx,biofilm,planktonic,AB5075-UW,,,,,,,,,,,,,TRUE,TRUE,TRUE,AB5075_biofilm+abx:biofilm,TRUE,TRUE
SRX4488551,8/30/19 0:28,470,Acinetobacter baumannii,470,1236,470,Acinetobacter baumannii,PAIRED,ILLUMINA,NextSeq 500,SRR7624648,SRP155796,PRJNA483526,483526,SRS3612263,SAMN09742708,SRA748252,RNA-Seq,unspecified,TRANSCRIPTOMIC,,MACQUARIE UNIVERSITY,0,0,6080312,9742708,,31728201,,AB5075-UW,,,,,AB5075_biofilm+abx,biofilm,planktonic,AB5075-UW,,,,,,,,,,,,,TRUE,TRUE,TRUE,AB5075_biofilm+abx:biofilm,TRUE,TRUE
SRX4488553,8/30/19 0:28,470,Acinetobacter baumannii,470,1236,470,Acinetobacter baumannii,PAIRED,ILLUMINA,NextSeq 500,SRR7624646,SRP155796,PRJNA483526,483526,SRS3612265,SAMN09742710,SRA748252,RNA-Seq,unspecified,TRANSCRIPTOMIC,,MACQUARIE UNIVERSITY,0,0,6080314,9742710,,31728201,,AB5075-UW,,,,,AB5075_biofilm+abx,cip_biofilm,planktonic,AB5075-UW,,,,,,,,,,,,,TRUE,TRUE,TRUE,AB5075_biofilm+abx:cip_biofilm,TRUE,TRUE
SRX4488554,8/30/19 0:28,470,Acinetobacter baumannii,470,1236,470,Acinetobacter baumannii,PAIRED,ILLUMINA,NextSeq 500,SRR7624645,SRP155796,PRJNA483526,483526,SRS3612266,SAMN09742713,SRA748252,RNA-Seq,unspecified,TRANSCRIPTOMIC,,MACQUARIE UNIVERSITY,0,0,6080315,,,31728201,9742713,AB5075-UW,,,,,AB5075_biofilm+abx,tet_biofilm,planktonic,AB5075-UW,,,,,,,,,,,,,TRUE,TRUE,TRUE,AB5075_biofilm+abx:tet_biofilm,TRUE,TRUE
SRX4488555,8/30/19 0:28,470,Acinetobacter baumannii,470,1236,470,Acinetobacter baumannii,PAIRED,ILLUMINA,NextSeq 500,SRR7624644,SRP155796,PRJNA483526,483526,SRS3612267,SAMN09742712,SRA748252,RNA-Seq,unspecified,TRANSCRIPTOMIC,,MACQUARIE UNIVERSITY,0,0,6080316,9742712,,31728201,,AB5075-UW,,,,,AB5075_biofilm+abx,cip_biofilm,planktonic,AB5075-UW,,,,,,,,,,,,,TRUE,TRUE,TRUE,AB5075_biofilm+abx:cip_biofilm,TRUE,TRUE
SRX4488556,8/30/19 0:28,470,Acinetobacter baumannii,470,1236,470,Acinetobacter baumannii,PAIRED,ILLUMINA,NextSeq 500,SRR7624643,SRP155796,PRJNA483526,483526,SRS3612268,SAMN09742715,SRA748252,RNA-Seq,unspecified,TRANSCRIPTOMIC,,MACQUARIE UNIVERSITY,0,0,6080317,,,31728201,9742715,AB5075-UW,,,,,AB5075_biofilm+abx,tet_biofilm,planktonic,AB5075-UW,,,,,,,,,,,,,TRUE,TRUE,TRUE,AB5075_biofilm+abx:tet_biofilm,TRUE,TRUE
SRX5930997,11/1/19 16:18,470,Acinetobacter baumannii,470,1236,470,Acinetobacter baumannii,PAIRED,ILLUMINA,Illumina HiSeq 4000,SRR9157919,SRP199829,PRJNA545412,545412,SRS4844206,SAMN11891238,SRA891917,RNA-Seq,cDNA,TRANSCRIPTOMIC,,GEO,0,0,7959578,GSE131943,GSM3831338,31658418,11891238,AB5075-UW,,,,,AB5075_Zinc,Control,Control,AB5075-UW,,,,,,,,,,,,,TRUE,TRUE,TRUE,AB5075_Zinc:Control,TRUE,TRUE
SRX5930999,11/1/19 16:18,470,Acinetobacter baumannii,470,1236,470,Acinetobacter baumannii,PAIRED,ILLUMINA,Illumina HiSeq 4000,SRR9157921,SRP199829,PRJNA545412,545412,SRS4844208,SAMN11891236,SRA891917,RNA-Seq,cDNA,TRANSCRIPTOMIC,,GEO,0,0,7959580,GSE131943,GSM3831340,31658418,11891236,AB5075-UW,,,,,AB5075_Zinc,Control,Control,AB5075-UW,,,,,,,,,,,,,TRUE,TRUE,TRUE,AB5075_Zinc:Control,TRUE,TRUE
SRX5931001,11/1/19 16:18,470,Acinetobacter baumannii,470,1236,470,Acinetobacter baumannii,PAIRED,ILLUMINA,Illumina HiSeq 4000,SRR9157923,SRP199829,PRJNA545412,545412,SRS4844210,SAMN11891234,SRA891917,RNA-Seq,cDNA,TRANSCRIPTOMIC,,GEO,0,0,7959582,11891234,GSE131943,31658418,,AB5075-UW,,,,,AB5075_Zinc,Zinc,Control,AB5075-UW,,,,,,,,,,,,,TRUE,TRUE,TRUE,AB5075_Zinc:Zinc,TRUE,TRUE
SRX5931002,11/1/19 16:18,470,Acinetobacter baumannii,470,1236,470,Acinetobacter baumannii,PAIRED,ILLUMINA,Illumina HiSeq 4000,SRR9157924,SRP199829,PRJNA545412,545412,SRS4844211,SAMN11891233,SRA891917,RNA-Seq,cDNA,TRANSCRIPTOMIC,,GEO,0,0,7959583,11891233,GSE131943,31658418,,AB5075-UW,,,,,AB5075_Zinc,Zinc,Control,AB5075-UW,,,,,,,,,,,,,TRUE,TRUE,TRUE,AB5075_Zinc:Zinc,TRUE,TRUE
SRX8944518,8/14/20 16:04,470,Acinetobacter baumannii,470,1236,470,Acinetobacter baumannii,SINGLE,ILLUMINA,Illumina HiSeq 3000,SRR12450059,SRP277421,PRJNA657043,657043,SRS7200080,SAMN15813967,SRA1112642,RNA-Seq,cDNA,TRANSCRIPTOMIC,,GEO,0,0,11627611,15813967,GSE156206,33024041,,AB5075,,,,,AB5075_VIR-O_LSO,VIR-O,VIR-O,AB5075-UW,,,,,,,,,,,,,TRUE,TRUE,TRUE,AB5075_VIR-O_LSO:VIR-O,TRUE,TRUE
SRX8944519,8/14/20 16:04,470,Acinetobacter baumannii,470,1236,470,Acinetobacter baumannii,SINGLE,ILLUMINA,Illumina HiSeq 3000,SRR12450060,SRP277421,PRJNA657043,657043,SRS7200083,SAMN15813966,SRA1112642,RNA-Seq,cDNA,TRANSCRIPTOMIC,,GEO,0,0,11627612,15813966,GSE156206,33024041,,AB5075,,,,,AB5075_VIR-O_LSO,LSO,VIR-O,AB5075-UW,,,,,,,,,,,,,TRUE,TRUE,TRUE,AB5075_VIR-O_LSO:LSO,TRUE,TRUE
SRX8944520,8/14/20 16:04,470,Acinetobacter baumannii,470,1236,470,Acinetobacter baumannii,SINGLE,ILLUMINA,Illumina HiSeq 3000,SRR12450061,SRP277421,PRJNA657043,657043,SRS7200081,SAMN15813965,SRA1112642,RNA-Seq,cDNA,TRANSCRIPTOMIC,,GEO,0,0,11627613,15813965,GSE156206,33024041,,AB5075,,,,,AB5075_VIR-O_LSO,VIR-O,VIR-O,AB5075-UW,,,,,,,,,,,,,TRUE,TRUE,TRUE,AB5075_VIR-O_LSO:VIR-O,TRUE,TRUE
SRX8944521,8/14/20 16:04,470,Acinetobacter baumannii,470,1236,470,Acinetobacter baumannii,SINGLE,ILLUMINA,Illumina HiSeq 3000,SRR12450062,SRP277421,PRJNA657043,657043,SRS7200082,SAMN15813964,SRA1112642,RNA-Seq,cDNA,TRANSCRIPTOMIC,,GEO,0,0,11627614,15813964,GSE156206,33024041,,AB5075,,,,,AB5075_VIR-O_LSO,LSO,VIR-O,AB5075-UW,,,,,,,,,,,,,TRUE,TRUE,TRUE,AB5075_VIR-O_LSO:LSO,TRUE,TRUE
SRX8944522,8/14/20 16:04,470,Acinetobacter baumannii,470,1236,470,Acinetobacter baumannii,SINGLE,ILLUMINA,Illumina HiSeq 3000,SRR12450063,SRP277421,PRJNA657043,657043,SRS7200084,SAMN15813963,SRA1112642,RNA-Seq,cDNA,TRANSCRIPTOMIC,,GEO,0,0,11627615,15813963,GSE156206,33024041,,AB5075,,,,,AB5075_VIR-O_LSO,VIR-O,VIR-O,AB5075-UW,,,,,,,,,,,,,TRUE,TRUE,TRUE,AB5075_VIR-O_LSO:VIR-O,TRUE,TRUE
SRX8944523,8/14/20 16:04,470,Acinetobacter baumannii,470,1236,470,Acinetobacter baumannii,SINGLE,ILLUMINA,Illumina HiSeq 3000,SRR12450064,SRP277421,PRJNA657043,657043,SRS7200085,SAMN15813962,SRA1112642,RNA-Seq,cDNA,TRANSCRIPTOMIC,,GEO,0,0,11627616,15813962,GSE156206,33024041,,AB5075,,,,,AB5075_VIR-O_LSO,LSO,VIR-O,AB5075-UW,,,,,,,,,,,,,TRUE,TRUE,TRUE,AB5075_VIR-O_LSO:LSO,TRUE,TRUE